<?xml version="1.0" encoding="utf-8" ?>
<Project name="ExAd">
	<Package name="HaloParachute">
		<Container name="Actions">
			<Key ID="STR_ExAd_HALOPARACHUTE_ACTIONS_HALO">
				<Original>Halo Jump</Original>
				<Russian>Хало прыжок</Russian>
			</Key>
			<Key ID="STR_ExAd_HALOPARACHUTE_ACTIONS_PARACHUTE">
				<Original>Open Parachute</Original>
				<Russian>Открыть парашют</Russian>
			</Key>
			<Key ID="STR_ExAd_HALOPARACHUTE_ACTIONS_DETACH">
				<Original>Open Parachute</Original>
				<Russian>Открыть парашют</Russian>
			</Key>
		</Container>
		<Container name="Info">
			<Key ID="STR_ExAd_HALOPARACHUTE_INFO_DETACH">
				<Original>Alt+Shift+V to Eject from Parachute!</Original>
				<Russian>Отстегнуть парашут можно нажав : Alt+Shift+V!</Russian>
			</Key>
		</Container>
	</Package>
	<Package name="VirtualGarage">
		<Container name="Notifications">
			<Key ID="STR_ExAd_VG_NOTI_FULL">
				<Original>You garage is full!</Original>
				<Russian>Гараж полон</Russian>
			</Key>
			<Key ID="STR_ExAd_VG_NOTI_NOT_PERSISTENT">
				<Original>You can only store pincode protected vehicles into the garage!</Original>
				<Russian>Вы можете хранить только технику с замком</Russian>
			</Key>
			<Key ID="STR_ExAd_VG_NOTI_NOT_AVAILABLE">
				<Original>The vehicle is not available anymore!</Original>
				<Russian>Техника более не доступна!</Russian>
			</Key>
		</Container>		
		<Container name="APP">
			<Key ID="STR_ExAd_VG_APP_DETAILS">
				<Original>%2 %1Pin code: %3 %1Fuel: %4 %1Damage: %5 %1Texture: %6 %1Items: %7 %1Magazines: %8 %1Weapons: %9</Original>
				<Russian>%2 %1Код доступа: %3 %1Бензин: %4 %1Уровень повреждений: %5 %1Текстура: %6 %1Предметы: %7 %1Магазины: %8 %1Оружие: %9</Russian>				<!-- %1 - New line | %2 - Vehicle class display name | %3 - Pin Code | %4 - Fuel | %5 - Damage | %6 - Texture | %7 - Items | %8 - Magazines | %9 - Weapons -->
			</Key>
			<Key ID="STR_ExAd_VG_APP_BTN_BACK">
				<Original>GO BACK</Original>
				<Russian>НАЗАД</Russian>
			</Key>
			<Key ID="STR_ExAd_VG_APP_BTN_FETCH">
				<Original>Fetch</Original>
				<Russian>Получить</Russian>
			</Key>
			<Key ID="STR_ExAd_VG_APP_BTN_STORE">
				<Original>Store</Original>
				<Russian>Сохранить</Russian>
			</Key>
			<Key ID="STR_ExAd_VG_APP_TTL_DETAILS">
				<Original>Stored Vehicle Details</Original>
				<Russian>Детальная информация по ТС</Russian>
			</Key>
			<Key ID="STR_ExAd_VG_APP_TTL_STORED">
				<Original>Stored</Original>
				<Russian>В запасе</Russian>
			</Key>
			<Key ID="STR_ExAd_VG_APP_TTL_NEAR">
				<Original>In Radius</Original>
				<Russian>В радиусе</Russian>
			</Key>
			<Key ID="STR_ExAd_VG_APP_CB_SECRET">
				<Original>Stream friendly UI</Original>
				<Russian>Интерфейс для стрима</Russian>
			</Key>
		</Container>
	</Package>
	<Package name="Grinding">
		<Container name="Notifications">
			<Key ID="STR_ExAd_GRINDING_NOTI_BROKE">
				<Original>Your grinder broke, get a new one before you can continue.</Original>
				<Russian>Твой взломщик сломан, раздобудь новый чтобы продолжить.</Russian>
			</Key>
			<Key ID="STR_ExAd_GRINDING_NOTI_EMPTY_BAT">
				<Original>Find some batteries to get the grinder to work.</Original>
				<Russian>Найди батареи для того чтобы запустить взломщик.</Russian>
			</Key>
			<Key ID="STR_ExAd_GRINDING_NOTI_PROGRESS">
				<Original>I think I'm getting through.</Original>
				<Russian>Думаю.. получу через</Russian>
			</Key>
			<Key ID="STR_ExAd_GRINDING_NOTI_FINISHED">
				<Original>You have broken the code lock.</Original>
				<Russian>Вы сломали кодовый замок.</Russian>
			</Key>
			<Key ID="STR_ExAd_GRINDING_NOTI_RESTORED">
				<Original>You've changed the look</Original>
				<Russian>Вы сменили замок.</Russian>
			</Key>
		</Container>
	<Package name="Hacking">
		<Container name="Notifications">
			<Key ID="STR_ExAd_HACKING_NOTI_MAX_TERRITORY_HACKS_REACHED">
				<Original>Connection failed! Territory Wi-Fi is down!</Original>
				<Russian>Установка связи невозможжна! Ви-Фи на данной территории не доступно вам.</Russian>
			</Key>
			<Key ID="STR_ExAd_HACKING_NOTI_TERRITORY_ONE_HACK">
				<Original>Wi-Fi occupied!!</Original>
				<Russian>Ви-Фи занято</Russian>
			</Key>
			<Key ID="STR_ExAd_HACKING_NOTI_MAX_SIM_HACKS">
				<Original>The laptop overloaded and got destroyed! Another hacker is already using the grid.</Original>
				<Russian>Ноутбук перегрелся и аннигилировал! Другой взломщик уже занимается взломом.</Russian>
			</Key>
			<Key ID="STR_ExAd_HACKING_NOTI_NO_PLAYER_PRESENT">
				<Original>No Wi-Fi available!</Original>
				<Russian>Нет ВиФи сигнала</Russian>
			</Key>
			<Key ID="STR_ExAd_HACKING_NOTI_VG_SUCCESS">
				<Original>Hack successful! The Virtual Garage unloaded a %1</Original> <!-- %1 indicates the vehicle class name that's going to be shown-->
				<Russian>Взлом закончен удачно! Виртуальный гараж выгружен в %1</Russian>
			</Key>
			<Key ID="STR_ExAd_HACKING_NOTI_VG_NO_VEH">
				<Original>Hack successful! No vehicles were stored in the Virtual Garage.</Original>
				<Russian>Взлом закончен удачно! Техники не обнаружено в виртуальном гараже.</Russian>
			</Key>
			<Key ID="STR_ExAd_HACKING_NOTI_SAFE_SUCCESS">
				<Original>Hack successful! The safe is now unlocked.</Original>
				<Russian>Взлом закончен удачно! Сейф разблокирован.</Russian>
			</Key>
			<Key ID="STR_ExAd_HACKING_NOTI_INTERUPTED">
				<Original>Hack has been interupted</Original>
				<Russian>Взлом был прерван</Russian>
			</Key>
			<Key ID="STR_ExAd_HACKING_NOTI_FAILED">
				<Original>Hack failed! Circuits overloaded!</Original>
				<Russian>Взлом сорван! Цепь перегружена!</Russian>
			</Key>
		</Container>
		<Container name="Hint">
			<Key ID="STR_ExAd_HACKING_HINT_TITLE">
				<Original>Hack Activity</Original>
				<Russian>Взлом активен</Russian>
			</Key>
			<Key ID="STR_ExAd_HACKING_HINT_HACK_START">
				<Original>A brute force hack is detected on the grid!</Original>
				<Russian>Взлом брут форсом обнаружен на карте</Russian>
			</Key>
		</Container>
	</Package>
	<Package name="StatsBar">
		<Container name="App">
			<Key ID="STR_ExAd_SB_APP_GO_BACK">
				<Original>Go Back</Original>
				<Russian>Назад</Russian>
			</Key>
			<Key ID="STR_ExAd_SB_APP_CB_KD">
				<Original>Kill/Death Ratio</Original>
				<Russian>Убийств/Смертей</Russian>
			</Key>
			<Key ID="STR_ExAd_SB_APP_CB_HP">
				<Original>Health</Original>
				<Russian>Здоровье</Russian>
			</Key>
			<Key ID="STR_ExAd_SB_APP_CB_THIRST">
				<Original>Thirst</Original>
				<Russian>Жажда</Russian>
			</Key>
			<Key ID="STR_ExAd_SB_APP_CB_HUNGER">
				<Original>Hunger</Original>
				<Russian>Голод</Russian>
			</Key>
			<Key ID="STR_ExAd_SB_APP_CB_WALLET">
				<Original>POP TABS in wallet</Original>
				<Russian>Крышек в кошельке</Russian>
			</Key>
			<Key ID="STR_ExAd_SB_APP_CB_BANK">
				<Original>POP TABS in bank</Original>
				<Russian>Крышек в банке</Russian>
			</Key>
			<Key ID="STR_ExAd_SB_APP_CB_RESPECT">
				<Original>Respect</Original>
				<Russian>Уважение</Russian>
			</Key>
			<Key ID="STR_ExAd_SB_APP_CB_COLORS">
				<Original>Use color indications</Original>
				<Russian>Использовать цветовые индикаторы</Russian>
			</Key>
			<Key ID="STR_ExAd_SB_APP_CB_FPS">
				<Original>FPS</Original>
				<Russian>ФПС</Russian>
			</Key>
			<Key ID="STR_ExAd_SB_APP_CB_TIMER">
				<Original>Restart time</Original>
				<Russian>Время рестарта</Russian>
			</Key>
			<Key ID="STR_ExAd_SB_APP_CB_TEMP">
				<Original>Body Temperature</Original>
				<Russian>Температура тела</Russian>
			</Key>
			<Key ID="STR_ExAd_SB_APP_CB_GRID">
				<Original>Grid location</Original>
				<Russian>Координаты</Russian>
			</Key>
			<Key ID="STR_ExAd_SB_APP_CB_COMPASS">
				<Original>Compass</Original>
				<Russian>Компас</Russian>
			</Key>
			<Key ID="STR_ExAd_SB_APP_CB_PLAYERS">
				<Original>Players online</Original>
				<Russian>Игроков онлайн</Russian>
			</Key>
			<Key ID="STR_ExAd_SB_APP_CB_CLAN_MEMBERS">
				<Original>Family members online</Original>
				<Russian>Членов клана онлайн</Russian>
			</Key>
			<Key ID="STR_ExAd_SB_APP_CB_HIDE_EXILE_SB">
				<Original>Hide Exile Status bar</Original>
				<Russian>Спрятать статус состояния Exile</Russian>
			</Key>
			<Key ID="STR_ExAd_SB_APP_SLIDER_BG_COLOR">
				<Original>Background Color</Original>
				<Russian>Цвет фона</Russian>
			</Key>
			<Key ID="STR_ExAd_SB_APP_SLIDER_POS_SIZE">
				<Original>Position/Size</Original>
				<Russian>Позиция/размер</Russian>
			</Key>
			<Key ID="STR_ExAd_SB_APP_COMBO_FONT">
				<Original>Font</Original>
				<Russian>Шрифт</Russian>
			</Key>
			<Key ID="STR_ExAd_SB_APP_COMBO_TOOLTIP_FONT">
				<Original>Font</Original>
				<Russian>Шрифт</Russian>
			</Key>
			<Key ID="STR_ExAd_SB_APP_COMBO_TOOLTIP_ALIGN">
				<Original>Align</Original>
				<Russian>Выровнять</Russian>
			</Key>
			<Key ID="STR_ExAd_SB_APP_SLIDER_TEXT_COLOR">
				<Original>Text Color</Original>
				<Russian>Цвет текста</Russian>
			</Key>
			<Key ID="STR_ExAd_SB_APP_SLIDER_UPDATE_RATE">
				<Original>Update Rate</Original>
				<Russian>Обновить скорость</Russian>
			</Key>
			<Key ID="STR_ExAd_SB_APP_SLIDER_TEXT_SIZE">
				<Original>Text Size</Original>
				<Russian>Размер текста</Russian>
			</Key>
			<Key ID="STR_ExAd_SB_APP_SLIDER_TEXT_MARGIN">
				<Original>Margin</Original>
				<Russian>Предел</Russian>
			</Key>
			<Key ID="STR_ExAd_SB_APP_SLIDER_TEXT_PADDING">
				<Original>Padding</Original>
				<Russian>Набивка</Russian>
			</Key>
			<Key ID="STR_ExAd_SB_APP_SLIDER_IMG_SIZE">
				<Original>Image Size</Original>
				<Russian>Размер картинки</Russian>
			</Key>
			<Key ID="STR_ExAd_SB_APP_BTN_SHOW">
				<Original>Show</Original>
				<Russian>Показать</Russian>
			</Key>
			<Key ID="STR_ExAd_SB_APP_BTN_HIDE">
				<Original>Hide</Original>
				<Russian>Спрятать</Russian>
			</Key>
		</Container>
	</Package>
</Project>